POS	Ground Truth REF	Ground Truth ALT	Ground Truth DP	Ground Truth AF	Mutect2 REF	Mutect2 ALT	Mutect2 DP	Mutect2 AF	type	AF Deviation
317	C	T	294	0.15306122	C	T	115	0.148	TP	-0.00506122000000001
320	C	T	300	0.10666667	C	T	113	0.203	TP	0.09633333
420	T	C	306	0.17320261	T	C	113	0.447	TP	0.27379739
446	A	G	304	0.15131579	A	G	88	0.5	TP	0.34868421
486	T	C	306	0.09477124	T	C	66	0.045	TP	-0.04977124
510	A	G	298	0.11409396	A	G	66	0.082	TP	-0.03209396
533	A	T	301	0.14285714	A	T	72	0.405	TP	0.26214286
536	T	A	301	0.089701	T	A	73	0.095	TP	0.005299
545	A	G	301	0.22591362	A	G	75	0.222	TP	-0.00391362000000001
599	A	G	289	0.09688581					FN	
722	T	C	307	0.20846906	T	C	88	0.403	TP	0.19453094
807	C	T	300	0.14666667					FN	
842	C	T	297	0.14141414	C	T	48	0.396	TP	0.25458586
890	C	T	305	0.15409836					FN	
916	C	T	306	0.13071895					FN	
919	A	C	304	0.16118421					FN	
929	C	T	303	0.0990099	C	T	91	0.185	TP	0.0859901
993	T	A	283	0.06713781					FN	
995	T	G	282	0.06382979					FN	
1028	T	C	314	0.12101911	T	C	50	0.266	TP	0.14498089
1046	C	T	285	0.16140351	C	T	46	0.296	TP	0.13459649
1064	C	T	291	0.13058419					FN	
1127	G	T	301	0.10631229	G	T	60	0.412	TP	0.30568771
1228	G	A	293	0.12627986	G	A	101	0.11	TP	-0.01627986
1262	T	C	289	0.14532872					FN	
1487	G	C	273	0.1025641	G	C	29	0.161	TP	0.0584359
1539	T	C	274	0.09124088	T	C	56	0.186	TP	0.09475912
1560	C	T	273	0.07692308	C	T	65	0.077	TP	7.69199999999942e-05
1676	C	T	309	0.07443366					FN	
1712	T	C	294	0.16326531					FN	
1735	G	A	291	0.06872852					FN	
1783	C	T	293	0.07849829	C	T	89	0.112	TP	0.03350171
1870	A	G	304	0.09210526					FN	
1889	T	C	312	0.11538462					FN	
1964	C	T	303	0.11221122	C	T	41	0.145	TP	0.03278878
2047	G	A	278	0.18705036					FN	
2133	T	C	296	0.10135135					FN	
2155	A	T	296	0.10135135					FN	
2183	G	A	286	0.07692308	G	A	46	0.35	TP	0.27307692
2249	T	C	276	0.07608696	T	C	90	0.167	TP	0.09091304
2254	T	C	297	0.07070707	T	C	106	0.142	TP	0.07129293
2310	G	T	289	0.09688581	G	T	101	0.129	TP	0.03211419
2352	G	A	299	0.16722408	G	A	79	0.144	TP	-0.02322408
2392	G	T	289	0.05190311	G	T	57	0.102	TP	0.05009689
2459	T	C	302	0.08278146	T	C	60	0.215	TP	0.13221854
2554	C	T	280	0.18214286	C	T	98	0.255	TP	0.07285714
2606	A	G	283	0.06360424					FN	
2662	C	G	300	0.05					FN	
2675	T	C	311	0.08038585					FN	
2773	T	C	285	0.05964912					FN	
2785	C	T	297	0.1010101	C	T	75	0.038	TP	-0.0630101
2856	G	A	305	0.12786885					FN	
2884	A	G	313	0.12460064	A	G	163	0.211	TP	0.08639936
3042	A	G	278	0.18705036					FN	
3059	T	C	288	0.17013889					FN	
3120	G	A	276	0.13768116					FN	
3175	A	G	276	0.07246377					FN	
3205	T	C	285	0.11929825					FN	
3211	T	C	291	0.12714777					FN	
3292	C	T	300	0.42666667	C	T	51	0.613	TP	0.18633333
3368	T	C	306	0.19607843	T	C	76	0.211	TP	0.01492157
3434	A	G	319	0.11285266	A	G	70	0.074	TP	-0.03885266
3451	T	C	311	0.13504823	T	C	77	0.051	TP	-0.08404823
3454	T	C	307	0.19218241	T	C	76	0.294	TP	0.10181759
3459	A	G	290	0.18275862					FN	
3462	C	T	309	0.09708738	C	T	75	0.143	TP	0.04591262
3510	T	C	289	0.15224913					FN	
3515	A	G	287	0.11149826					FN	
3536	T	C	290	0.1					FN	
3552	A	G	280	0.175	A	G	93	0.043	TP	-0.132
3568	C	T	283	0.18374558	C	T	91	0.251	TP	0.06725442
3577	A	G	289	0.09688581					FN	
3585	T	C	296	0.09459459					FN	
3622	A	G	301	0.09966777	A	G	116	0.206	TP	0.10633223
3624	A	C	300	0.11666667	A	C	113	0.145	TP	0.02833333
3643	C	T	310	0.18387097	C	T	82	0.118	TP	-0.06587097
3662	A	G	321	0.08411215	A	G	104	0.058	TP	-0.02611215
3694	A	G	304	0.10855263					FN	
3766	A	G	312	0.11858974	A	G	41	0.286	TP	0.16741026
3780	A	G	312	0.2275641					FN	
3922	A	G	298	0.17114094	A	G	144	0.364	TP	0.19285906
3950	A	G	297	0.09090909					FN	
3955	A	G	301	0.20265781					FN	
3960	C	G	289	0.07958478	C	G	126	0.1	TP	0.02041522
3970	C	A	295	0.08474576	C	A	133	0.136	TP	0.05125424
4008	A	T	294	0.06462585	A	T	136	0.097	TP	0.03237415
4048	C	T	287	0.12195122	C	T	129	0.258	TP	0.13604878
4056	A	G	295	0.08474576					FN	
4133	C	A	293	0.10580205					FN	
4331	C	T	310	0.09677419					FN	
4561	A	G	334	0.08383234	A	G	119	0.082	TP	-0.00183234
4711	T	C	332	0.09939759					FN	
4750	T	C	340	0.12941176	T	C	88	0.114	TP	-0.01541176
4779	A	T	338	0.14201183	A	T	67	0.076	TP	-0.06601183
4783	A	G	338	0.0887574					FN	
4803	A	C	321	0.105919	A	C	52	0.219	TP	0.113081
4852	A	G	313	0.09265176					FN	
4890	A	G	297	0.1043771					FN	
5055	C	T	280	0.13571429					FN	
5087	A	G	273	0.12454212					FN	
5089	A	G	269	0.17100372					FN	
5117	T	C	268	0.08955224					FN	
5161	G	A	258	0.14341085					FN	
5252	C	T	288	0.12152778					FN	
5392	C	T	273	0.08791209					FN	
5437	C	T	253	0.09486166					FN	
5645	T	C	270	0.07407407					FN	
5672	A	G	278	0.07194245					FN	
5696	A	G	296	0.14189189					FN	
5809	T	C	297	0.13131313	T	C	209	0.177	TP	0.04568687
5857	A	G	284	0.0915493	A	G	113	0.197	TP	0.1054507
6055	G	C	312	0.09294872	G	C	69	0.071	TP	-0.02194872
6216	C	T	295	0.05762712	C	T	61	0.333	TP	0.27537288
6269	G	C	320	0.146875					FN	
6385	T	C	319	0.19749216	T	C	88	0.227	TP	0.02950784
6392	A	G	320	0.096875	A	G	96	0.177	TP	0.080125
6434	T	G	335	0.09253731	T	G	147	0.069	TP	-0.02353731
6439	G	A	336	0.10714286	G	A	125	0.062	TP	-0.04514286
6470	G	T	334	0.11377246					FN	
6483	G	C	338	0.0887574					FN	
6540	C	T	324	0.19135802	C	T	85	0.07	TP	-0.12135802
6560	G	T	319	0.08777429	G	T	94	0.107	TP	0.01922571
6597	C	T	319	0.20689655	C	T	122	0.153	TP	-0.05389655
6606	C	T	315	0.09206349	C	T	130	0.107	TP	0.01493651
6720	G	C	267	0.04494382					FN	
6744	G	A	265	0.11698113					FN	
6775	A	G	270	0.11111111					FN	
6804	G	T	280	0.08928571					FN	
6806	G	A	280	0.10357143					FN	
6852	A	G	273	0.12454212					FN	
6871	T	C	288	0.08333333	T	C	43	0.244	TP	0.16066667
6881	A	T	280	0.09285714					FN	
6925	G	A	298	0.09731544					FN	
7093	C	T	289	0.11418685					FN	
7172	C	T	270	0.09259259	C	T	47	0.322	TP	0.22940741
7223	A	G	307	0.18566775	A	G	72	0.107	TP	-0.07866775
7315	C	T	326	0.07361963					FN	
7322	C	T	333	0.1021021	C	T	60	0.25	TP	0.1478979
7385	G	A	323	0.18575851	G	A	54	0.105	TP	-0.08075851
7418	T	A	333	0.09009009	T	A	48	0.581	TP	0.49090991
7470	C	T	320	0.11875	C	T	40	0.614	TP	0.49525
7555	A	G	307	0.07491857					FN	
7649	A	G	286	0.09440559					FN	
7685	A	C	281	0.08185053					FN	
7715	T	C	289	0.19723183					FN	
7716	C	T	291	0.15120275	C	T	56	0.133	TP	-0.01820275
7741	T	C	287	0.09756098	T	C	66	0.114	TP	0.01643902
7775	C	T	294	0.12244898					FN	
7808	T	C	302	0.15231788	T	C	71	0.13	TP	-0.02231788
7816	T	C	301	0.11295681					FN	
7852	T	C	310	0.11935484					FN	
7892	C	T	296	0.125	C	T	83	0.059	TP	-0.066
7963	C	A	296	0.11486486					FN	
8004	A	G	322	0.12111801	A	G	196	0.134	TP	0.01288199
8016	T	G	308	0.17207792					FN	
8138	A	G	318	0.06918239	A	G	108	0.113	TP	0.04381761
8164	T	C	298	0.13087248	T	C	109	0.189	TP	0.05812752
8185	A	G	327	0.11620795					FN	
8308	G	A	305	0.10163934	G	A	146	0.137	TP	0.03536066
8310	G	A	303	0.21452145	G	A	149	0.142	TP	-0.07252145
8311	G	A	305	0.13114754	G	A	150	0.096	TP	-0.03514754
8314	A	G	306	0.11437908	A	G	152	0.236	TP	0.12162092
8326	T	C	307	0.09771987					FN	
8375	C	T	316	0.11392405	C	T	159	0.222	TP	0.10807595
8385	T	C	289	0.20761246	T	C	164	0.143	TP	-0.06461246
8421	C	A	323	0.10835913					FN	
8501	C	T	327	0.10091743					FN	
8510	G	C	313	0.08626198	G	C	40	0.349	TP	0.26273802
8632	A	G	298	0.08389262					FN	
8656	A	G	304	0.11842105					FN	
8681	C	T	312	0.16666667	C	T	48	0.079	TP	-0.08766667
8830	G	A	311	0.15434084	G	A	38	0.949	TP	0.79465916
8869	A	G	311	0.21864952					FN	
8970	C	A	294	0.10204082					FN	
8999	G	A	264	0.04924242	G	A	65	0.087	TP	0.03775758
9051	C	T	285	0.17894737	C	T	88	0.326	TP	0.14705263
9080	G	A	268	0.1641791	G	A	75	0.197	TP	0.0328209
9088	G	A	284	0.1056338					FN	
9108	C	T	280	0.11071429					FN	
9115	G	A	279	0.10752688	G	A	61	0.049	TP	-0.05852688
9283	A	G	278	0.11870504					FN	
9367	G	A	297	0.11447811					FN	
9398	G	A	312	0.12179487					FN	
9402	A	G	310	0.15806452	A	G	29	0.344	TP	0.18593548
9458	C	G	316	0.10126582	C	G	85	0.239	TP	0.13773418
9569	G	A	313	0.0798722					FN	
9591	T	C	311	0.1414791	T	C	119	0.07	TP	-0.0714791
9854	G	C	311	0.11897106	G	C	71	0.197	TP	0.07802894
9876	C	G	312	0.12179487					FN	
9899	C	T	325	0.08923077					FN	
9900	C	T	326	0.11042945					FN	
9999	A	G	299	0.15050167	A	G	70	0.485	TP	0.33449833
10002	A	G	301	0.18272425	A	G	55	0.233	TP	0.05027575
10031	A	T	318	0.05974843					FN	
10105	T	C	316	0.21202532	T	C	123	0.13	TP	-0.08202532
10164	A	C	326	0.12576687	A	C	93	0.271	TP	0.14523313
10178	A	C	303	0.05610561					FN	
10305	G	A	306	0.28431373	G	A	64	0.493	TP	0.20868627
10367	A	G	313	0.1341853	A	G	91	0.154	TP	0.0198147
10472	G	C	306	0.08823529	G	C	64	0.163	TP	0.07476471
10505	G	C	290	0.07931034	G	C	84	0.117	TP	0.03768966
10522	C	T	301	0.13621262	C	T	108	0.144	TP	0.00778737999999998
10523	A	G	304	0.11513158	A	G	110	0.179	TP	0.06386842
10525	C	T	301	0.08305648	C	T	111	0.106	TP	0.02294352
10602	G	A	284	0.1584507	G	A	63	0.062	TP	-0.0964507
10625	G	A	289	0.10380623					FN	
10630	T	C	286	0.08041958	T	C	53	0.113	TP	0.03258042
10694	A	T	283	0.12720848	A	T	46	0.255	TP	0.12779152
10699	G	A	280	0.15714286					FN	
10784	G	T	277	0.10830325					FN	
10802	C	A	257	0.04669261					FN	
10804	C	T	272	0.15073529	C	T	23	0.159	TP	0.00826471000000001
10871	C	T	276	0.16304348					FN	
10895	A	T	266	0.10526316	A	T	35	0.237	TP	0.13173684
10909	C	G	274	0.1350365					FN	
10933	C	T	273	0.18681319	C	T	50	0.267	TP	0.08018681
11010	C	A	289	0.10034602	C	A	61	0.129	TP	0.02865398
11029	T	C	295	0.10169492					FN	
11175	C	A	268	0.1119403	C	A	153	0.106	TP	-0.00594030000000001
11198	A	G	261	0.09578544	A	G	133	0.039	TP	-0.05678544
11205	T	C	255	0.16470588	T	C	124	0.147	TP	-0.01770588
11307	G	A	256	0.1796875	G	A	159	0.188	TP	0.0083125
11332	G	C	252	0.08730159	G	C	51	0.109	TP	0.02169841
11399	T	C	263	0.14828897	T	C	48	0.167	TP	0.01871103
11429	A	G	261	0.1532567					FN	
11449	C	T	262	0.24045802	C	T	48	0.379	TP	0.13854198
11514	C	T	261	0.12260536					FN	
11523	T	C	269	0.18587361	T	C	22	0.249	TP	0.06312639
11653	A	G	289	0.09342561					FN	
11766	C	T	318	0.09119497	C	T	94	0.031	TP	-0.06019497
11825	C	T	315	0.16507937					FN	
11859	A	G	297	0.14478114					FN	
11971	T	C	307	0.13029316					FN	
12044	C	T	296	0.13175676	C	T	73	0.107	TP	-0.02475676
12181	T	C	306	0.10130719	T	C	71	0.125	TP	0.02369281
12190	T	C	301	0.12956811	T	C	67	0.14	TP	0.01043189
12197	G	A	295	0.1220339					FN	
12260	C	A	297	0.09427609					FN	
12275	C	T	298	0.10067114					FN	
12291	T	C	303	0.09240924					FN	
12310	T	C	313	0.10543131	T	C	78	0.307	TP	0.20156869
12312	G	A	302	0.11589404					FN	
12377	G	A	294	0.16666667	G	A	91	0.132	TP	-0.03466667
12390	A	G	298	0.11073826	A	G	93	0.055	TP	-0.05573826
12425	C	T	306	0.12745098	C	T	89	0.057	TP	-0.07045098
12448	A	G	290	0.17586207	A	G	84	0.203	TP	0.02713793
12472	G	A	288	0.10416667					FN	
12473	G	A	289	0.19723183	G	A	98	0.082	TP	-0.11523183
12532	T	A	272	0.09191176	T	A	45	0.087	TP	-0.00491176
12557	T	C	269	0.07806691	T	C	42	0.156	TP	0.07793309
12568	T	C	264	0.12878788	T	C	39	0.097	TP	-0.03178788
12570	G	A	261	0.08812261					FN	
12613	A	G	245	0.05714286					FN	
12617	G	A	239	0.09205021	G	A	45	0.239	TP	0.14694979
12655	G	A	256	0.1171875					FN	
12707	C	T	250	0.1	C	T	57	0.167	TP	0.067
12840	C	T	279	0.12903226	C	T	56	0.188	TP	0.05896774
12847	G	A	277	0.10830325	G	A	57	0.189	TP	0.08069675
12877	G	T	269	0.04460967	G	T	70	0.114	TP	0.06939033
13021	G	T	284	0.08450704	G	T	49	0.229	TP	0.14449296
13153	G	A	277	0.29963899	G	A	52	0.199	TP	-0.10063899
13192	G	A	298	0.16778523					FN	
13320	C	A	310	0.06451613					FN	
13350	T	A	329	0.09726444	T	A	148	0.1	TP	0.00273556000000001
13461	T	C	321	0.09968847					FN	
13509	A	G	312	0.11858974					FN	
13578	T	C	311	0.11897106	T	C	77	0.423	TP	0.30402894
13670	T	C	296	0.12837838	T	C	33	0.121	TP	-0.00737837999999999
13741	G	A	293	0.12286689					FN	
13789	A	G	290	0.10344828	A	G	90	0.068	TP	-0.03544828
13817	A	C	299	0.09698997	A	C	123	0.128	TP	0.03101003
13825	A	G	303	0.13531353	A	G	134	0.084	TP	-0.05131353
13868	T	C	321	0.19314642					FN	
13900	C	T	305	0.11803279					FN	
13907	C	T	304	0.11842105	C	T	35	0.395	TP	0.27657895
13929	A	G	305	0.10819672	A	G	57	0.103	TP	-0.00519672
13979	A	G	319	0.07210031	A	G	81	0.108	TP	0.03589969
13987	C	T	321	0.13395639					FN	
14073	A	G	347	0.16138329	A	G	159	0.097	TP	-0.06438329
14145	C	T	341	0.21994135					FN	
14165	A	G	324	0.11111111					FN	
14286	A	G	284	0.13380282	A	G	36	0.143	TP	0.00919718
14287	A	G	285	0.09473684					FN	
14293	T	A	284	0.08450704					FN	
14328	C	A	263	0.121673	C	A	68	0.128	TP	0.006327
14497	G	A	283	0.16961131	G	A	59	0.254	TP	0.08438869
14519	T	C	280	0.175	T	C	73	0.069	TP	-0.106
14611	C	T	272	0.14705882	C	T	46	0.063	TP	-0.08405882
14688	A	T	266	0.12781955	A	T	48	0.347	TP	0.21918045
14711	G	A	271	0.16605166	G	A	61	0.159	TP	-0.00705165999999999
14748	C	T	270	0.07777778					FN	
14764	A	T	289	0.0899654					FN	
14814	C	T	286	0.09090909	C	T	85	0.09	TP	-0.000909090000000001
14847	A	C	297	0.10774411	A	C	87	0.247	TP	0.13925589
14850	G	A	293	0.09215017	G	A	86	0.065	TP	-0.02715017
14857	T	C	295	0.24745763	T	C	96	0.094	TP	-0.15345763
14980	C	T	295	0.14237288	C	T	141	0.179	TP	0.03662712
15002	G	A	285	0.12631579	G	A	156	0.192	TP	0.06568421
15125	A	G	295	0.09152542	A	G	42	0.138	TP	0.04647458
15142	T	G	295	0.16610169	T	G	50	0.288	TP	0.12189831
15160	T	C	307	0.18892508					FN	
15202	A	G	288	0.09375	A	G	25	0.242	TP	0.14825
15280	G	A	283	0.06713781					FN	
15395	G	A	291	0.18900344					FN	
15409	C	T	295	0.07118644					FN	
15602	A	T	342	0.10233918					FN	
15603	T	C	340	0.12941176					FN	
15674	A	G	353	0.09348442					FN	
15792	A	G	310	0.1	A	G	18	0.754	TP	0.654
15820	T	C	324	0.12654321					FN	
15887	A	C	313	0.08945687					FN	
15931	G	A	300	0.17666667	G	A	91	0.056	TP	-0.12066667
15957	G	A	294	0.1122449					FN	
16004	A	C	268	0.07835821					FN	
16047	C	T	270	0.13703704					FN	
16144	T	C	270	0.12592593	T	C	72	0.087	TP	-0.03892593
16145	A	C	273	0.09157509	A	C	68	0.25	TP	0.15842491
16179	A	G	292	0.11986301	A	G	92	0.099	TP	-0.02086301
16215	T	A	291	0.08247423					FN	
16239	A	G	290	0.11724138	A	G	108	0.272	TP	0.15475862
16278	A	G	296	0.10810811	A	G	76	0.051	TP	-0.05710811
16284	A	G	301	0.11627907	A	G	76	0.118	TP	0.00172093
16304	A	G	298	0.2852349	A	G	71	0.333	TP	0.0477651
16418	C	T	309	0.16828479					FN	
16467	C	T	305	0.16065574	C	T	73	0.304	TP	0.14334426
16503	G	A	298	0.09060403					FN	
16513	A	G	303	0.14191419	A	G	72	0.157	TP	0.01508581
16552	C	T	316	0.10126582	C	T	89	0.14	TP	0.03873418
16596	A	G	296	0.14527027	A	G	81	0.534	TP	0.38872973
16662	A	G	292	0.11986301					FN	
16669	T	C	286	0.14335664					FN	
16733	T	C	292	0.07876712	T	C	47	0.187	TP	0.10823288
16858	G	T	301	0.11295681	G	T	93	0.145	TP	0.03204319
16978	C	G	279	0.13261649	C	G	69	0.247	TP	0.11438351
17107	T	C	277	0.0866426					FN	
17182	A	G	291	0.15120275					FN	
17332	G	A	305	0.10163934	G	A	64	0.076	TP	-0.02563934
17453	A	G	334	0.06886228					FN	
17468	G	A	345	0.10144928					FN	
17479	G	C	330	0.13030303	G	C	44	0.444	TP	0.31369697
17481	T	C	320	0.1125	T	C	44	0.23	TP	0.1175
17488	C	T	322	0.19565217					FN	
17552	G	A	311	0.1318328	G	A	44	0.587	TP	0.4551672
17595	G	C	311	0.10289389	G	C	46	0.102	TP	-0.000893890000000008
17602	T	C	310	0.08387097					FN	
17711	A	G	285	0.17192982	A	G	39	0.197	TP	0.02507018
17790	A	G	280	0.17857143					FN	
17821	C	T	287	0.1010453					FN	
17830	A	G	276	0.18478261					FN	
17899	G	A	286	0.09440559					FN	
17952	T	C	278	0.11510791					FN	
17961	T	C	290	0.11034483					FN	
18175	C	T	301	0.13289037	C	T	30	0.218	TP	0.08510963
18223	C	T	298	0.26510067	C	T	35	0.639	TP	0.37389933
18319	A	G	311	0.09003215	A	G	106	0.21	TP	0.11996785
18431	T	C	300	0.12333333					FN	
18491	C	T	273	0.05494505					FN	
18614	C	T	268	0.12686567					FN	
18679	C	T	259	0.2007722	C	T	48	0.405	TP	0.2042278
18764	A	G	248	0.07258065					FN	
18942	T	C	90	0.11111111	T	C	35	0.27	TP	0.15888889
18976	T	C	59	0.11864407	T	C	21	0.174	TP	0.05535593
18978	T	C	59	0.05084746	T	C	19	0.19	TP	0.13915254
18983	C	T	57	0.15789474	C	T	17	0.368	TP	0.21010526
18989	C	T	53	0.11320755	C	T	16	0.222	TP	0.10879245
18993	C	G	50	0.1					FN	
18996	T	C	48	0.0625	T	C	15	0.235	TP	0.1725
18998	C	G	47	0.04255319					FN	
19002	T	C	42	0.16666667					FN	
19006	T	C	37	0.10810811	T	C	10	0.417	TP	0.30889189
19010	T	A	35	0.11428571	T	A	9	0.455	TP	0.34071429
19011	A	G	35	0.08571429	A	G	9	0.273	TP	0.18728571
19012	T	C	34	0.05882353					FN	
19015	C	T	32	0.28125	C	T	9	0.455	TP	0.17375
19018	A	G	29	0.13793103	A	G	9	0.455	TP	0.31706897
19021	T	C	26	0.03846154					FN	
19024	A	G	23	0.13043478	A	G	8	0.3	TP	0.16956522
19026	A	G	21	0.19047619	A	G	7	0.556	TP	0.36552381
19029	G	T	20	0.2	G	T	7	0.556	TP	0.356
19031	T	G	20	0.05					FN	
19032	C	T	20	0.05					FN	
19036	T	C	15	0.06666667					FN	
19039	T	C	15	0.33333333	T	C	6	0.625	TP	0.29166667
19041	T	C	14	0.07142857					FN	
19042	A	G	14	0.07142857					FN	
19043	C	T	13	0.15384615					FN	
19044	A	G	12	0.08333333					FN	
19050	A	G	7	0.28571429					FN	
19055	G	A	5	0.4	G	A	3	0.6	TP	0.2
19058	G	A	5	0.4	G	A	3	0.6	TP	0.2
19060	C	T	3	0.33333333	C	T	3	0.4	TP	0.06666667
